Judul,Hoax Probability,Actual
foto aliansi kerja panjang sudirmankuningan,99.7,HOAX
yang tau di lengan kanan bagi atas seragam tentara turki bernomer 571,99.8,HOAX
umat islam new zealand bakar gereja,99.6,HOAX
menpora dukung batal kirim atlet china masters,86.3,BUKAN HOAX
uang pecah rp 200 ribu resmi luncur,99.1,HOAX
info bin densus 88 hindar pergi mallmall jakarta,99.2,HOAX
art warga depok pasien corona isolasi rsud,0.0,BUKAN HOAX
video lockdown sikafir china terus masuk indonesia,100.0,HOAX
nyata menu pes belum,100.0,HOAX
kri kerambit tangkap kapal bendera malaysia curi ikan,79.2,BUKAN HOAX
bangun mall agung podomoro tuduh dalang bakar pasar aur kuning bukit tinggi,99.9,HOAX
pegawai batan ancam bui simpan radioaktif ilegal,0.9,BUKAN HOAX
pukul sopir taksi online sopir taksi bandara,100.0,HOAX
video surat suara coblos 01 medan,99.9,HOAX
viral video kawan monyet arab saudi tanda bencana alam besar,100.0,HOAX
foto suspect corona di rs saleh probolinggo moga beri lindung,100.0,HOAX
tni mutasi 329 perwira danpuspomad rektor unhan ganti,99.9,BUKAN HOAX
masvidal usai kalah ufc 251 buat banyak salah,0.0,BUKAN HOAX
plaza indonesia tutup 10 hari virus corona,99.6,BUKAN HOAX
viking persib club tegas libat aksi demo reformasi korupsi,82.4,HOAX
450 ribu ktp kirim kamboja penting kampanye,1.6,HOAX
video gus dur baptis,79.1,HOAX
polisi tunggu rekomendasi bnn rehabilitasi dwi sasono,0.7,BUKAN HOAX
sedia umat islam laku doa warga jayapura,11.7,BUKAN HOAX
jumlah polisi india tiba indonesia,0.1,HOAX
tim kampanye jokowimaruf lapor akun facebook polisi,16.9,BUKAN HOAX
klarifikasi polri kait isu jenderal tito mek arab saudi,0.0,BUKAN HOAX
polisi bungkam soal temu baru radioaktif tangsel,0.0,BUKAN HOAX
ayooo musium gajah pamer budaya arab,99.7,HOAX
polres banjarbaru bantah laku periksa aman dagang pentol bahan daging kucing,0.0,BUKAN HOAX
cara cek kartu sim sukses registrasi,0.4,BUKAN HOAX
tentara asing kfc cere mall,99.6,HOAX
foto robek bakar kencing alquran wanita langsung dapat azab allah,100.0,HOAX
tak terima adu soal tarawih remaja rusak rumah warga,0.0,BUKAN HOAX
jne bagibagi telepon genggam samsung s7,99.8,HOAX
foto megawati potong tumpeng atas meja logo pki,100.0,HOAX
niaid uji vaksin hiv gagal,0.1,BUKAN HOAX
update corona 9 mei sumbar naik 16 kasus jambi tambah 15,0.0,BUKAN HOAX
film kapten amerika capten steve bangun masa modern kamu lihat virus corona,92.2,HOAX
polisi jadi buru milik akun negringeri88 nyata pimpin mca jasmev,100.0,HOAX
tentara merah rrc kamuflase jadi banser,100.0,HOAX
tribun news tulis densus 88 aman barang bukti al quran geledah rumah driver ojol duga teroris medan,66.0,BUKAN HOAX
perintah jokowi hati2 lanjut proyek kereta cepat pasca putus adil tiongkok,74.5,HOAX
anggota banser kudus jawa tengah keroyok sama emakemak jual nasi uduk,100.0,HOAX
gubernur lampung minta jabat tunda pergi keluar daerah,6.8,BUKAN HOAX
serang buah universitas afghanistan 25 tewas,0.3,BUKAN HOAX
cek fakta pidato bangsa prabowo subianto,0.5,BUKAN HOAX
video rekam helikopter kobebryant jatuh udara sebab mati,100.0,HOAX
aniaya ustadzah bekas,99.8,HOAX
virus corona sebar 12 mahasiswa aceh isolir wuhan,99.9,BUKAN HOAX
maklumat masyayikh ponpes lirboyo dukung prabowo sandi,100.0,HOAX
foto formasi 2019gantipresiden jasmerahmob umm,100.0,HOAX
jonatan bantu tonton empat final indonesia masters,1.0,BUKAN HOAX
klarifikasi kait kabar tugas kpps way kanan lampung tewas tikam lerai ribut timses caleg,0.0,BUKAN HOAX
kutip kim bok dong bunuh aktif china,99.9,HOAX
klarifikasi grab indonesia kait dukung forum komunikasi grab lampung salah satu pasang calon pilgub lampung,0.2,BUKAN HOAX
ketawain aja hoaknya kaum bumi datar,94.4,BUKAN HOAX
cuci bersih kurma kandung virus corona asal kelelawar,88.4,HOAX
risma walikota surabaya marah besar kpu bawaslu,7.0,HOAX
foto post prabowo sandi nanti dunia,100.0,HOAX
dinkes aceh ban atas isu ajar lumpuh vaksin mr,98.3,BUKAN HOAX
jelas kpk kait edar informasi rekrutmen palsu,0.0,HOAX
box office korea pekan samjin company english class,72.7,BUKAN HOAX
nama jokowi masuk daftar klien konsultan asing stanley greenberg,99.9,HOAX
broadcast whatsapp info test seleksi gttptt,100.0,HOAX
biadab jahanam muslim india tembak tempat belamuslimindia,98.4,HOAX
lelah jeon somin absen satu bulan running man,71.3,BUKAN HOAX
tito minta kepala daerah atur sanksi warga tak masker,0.0,BUKAN HOAX
klarifikasi komisi hukum mui kait isu lapor gp ansor banser polisi kait kasus bakar bendera,0.0,BUKAN HOAX
nasi kotak plus 2 ayam rendang,95.4,HOAX
bem unindra bantah terima dana ikut aksi unjuk rasa depan gedung dpr,2.3,HOAX
kartu askes laku per 1 oktober 2017,100.0,HOAX
dpr curiga 5 buruh china tangkap tni au masuk wilayah halim benar intelijen,100.0,BUKAN HOAX
stroke kambuh prabowo batal orasi politik acara fraksi pks,99.5,HOAX
tebak waktu butuh wanita orgasme,6.1,BUKAN HOAX
ppp tolak usul ambang batas parlemen jadi 5 persen,0.0,BUKAN HOAX
culi bayi bangil culik kabur pakai mobil elf warna hitam,99.4,HOAX
anak muda australia rentan bunuh diri efek pandemi,91.9,BUKAN HOAX
deddy corbuzier ikan mobil shinta nuriyah,97.9,HOAX
pemkot bandung kucur rp2982 m tangan corona,0.0,BUKAN HOAX
3 jam 9 gempa magnitudo 3 jadi banten,2.5,BUKAN HOAX
kades keroyok usai ingat warga salat id rumah,0.0,BUKAN HOAX
wanita sedang haid sekalikali jangan laku 4,100.0,HOAX
suara adzan masih kumandang masjid sudah tutup inggris,99.6,HOAX
yenny wahid pbnu gagal paham bijak perintah lima hari sekolah,94.6,BUKAN HOAX
foto post prabowo sandi nanti dunia,100.0,HOAX
foto jalan klaim di sumatera,100.0,HOAX
bocah kena ganggu jiwa terlalu banyak ikut les,99.8,HOAX
mu tinggal jauh banding liverpool man city,0.0,BUKAN HOAX
pks curiga motif perintah bahas ruu cipta kerja reses,2.9,BUKAN HOAX
hasil liga inggris leicester kalah tottenham 20,0.0,BUKAN HOAX
seru balik layar potret presiden jokowi klender,100.0,HOAX
henti tunjang kerja anggota tni,100.0,HOAX
jokowi positif corona,0.0,HOAX
corona pemkot yogyakarta pangkas retribusi dagang pasar,0.0,BUKAN HOAX
mayoritas daerah tinggal tumpuk indonesia timur,97.0,BUKAN HOAX
positif corona souza sempat libat kontak jelang ufc 249,0.0,BUKAN HOAX
latih bela negara tni fpi,99.8,HOAX
dai arifin ilham unggah postingan foto ribu umat muslim rohingya bakar hiduphidup,99.8,HOAX
sepi berita tiga biksu asal china tangkap edar uang palsu,100.0,BUKAN HOAX
satpol pp spanduk propaganda medan merdeka langgar perda,21.8,BUKAN HOAX
ratu elizabeth ii tinggal dunia,100.0,HOAX
sempat usir warga 20 tenaga medis aceh negatif corona,0.4,BUKAN HOAX
klarifikasi video kapolres landak akbp bowo gede imantio paksa makan babi,0.5,BUKAN HOAX
istana resmi pki boleh indonesia,13.2,HOAX
orang pria dander bojonegoro tinggal akibat guna hp,100.0,HOAX
sempat mandek serial obiwan kenobi tulis baru,47.9,BUKAN HOAX
viral daki tinggal gunung bawakaraeng,99.7,HOAX
mike pompeo temu jokowi tanda kuat bakal wasalam,0.1,HOAX
teknik selamat celaka mobil,79.7,HOAX
jamur vs terung,99.8,HOAX
tentara merah pkc nyamar jadi kerja proyek,58.4,HOAX
jelas kait isu ahok antasari azhar jadi dewan awas kpk,0.0,HOAX
jelas kepala media center prabowo kait pidato prabowo sebut indonesia punya 1 profesor fisika,0.0,BUKAN HOAX
teriak nama prabowo,0.3,BUKAN HOAX
muncul kabar honor volunter asi games respons erick thohir,13.2,HOAX
nyata gp ansor kait banser nu garut bakar bendera tauhid tulis la ilaha illa allah muhammad rasulullah,100.0,BUKAN HOAX
klaim corona kendali walkot bandung enggan jam malam,0.0,BUKAN HOAX
ada aksi sweeping ormas forum betawi rempug,99.8,HOAX
rusia minta turki setop bantu teroris suriah,0.0,BUKAN HOAX
siswa kejangkejang main game online dalam kelas,99.9,HOAX
era jokowi pki mulai exist,99.7,HOAX
kemenhub beri klarifikasi atas kabar sebut 2 pegawai tahan usai bakar gedung kemenhub,0.0,BUKAN HOAX
kasus semanggi gugat jaksa agung putus besok,3.1,BUKAN HOAX
bahan vaksin darah babi,100.0,HOAX
najwa shihab klarifikasi atas disinformasi foto temu najwa tommy soeharto,99.3,HOAX
siapa bro presiden indonesia bro,100.0,HOAX
klarifikasi kait beda hasil situng kpu pindah bentuk microsoft excel,0.0,BUKAN HOAX
paus fransiskus dua bantu nyata positif idap coronavirus,28.3,HOAX
3 anak tinggal korban cokelat mermaid rsud kapal badung bal,99.6,HOAX
akun facebook palsu gubernur jatim khofifah indar parawansa,99.4,HOAX
empat partai politik paling tak informatif versi komisi informasi publik muat kompascom,0.2,HOAX
kpu longgar batas alat aga kampanye pilkada 2020,0.0,BUKAN HOAX
banser angkat salib,100.0,HOAX
intip manfaat meditasi cuci piring gari bos amazon,0.2,BUKAN HOAX
video tanah abang penuh bray,99.7,HOAX
polisi bantah viralnya tampak pocong jumlah wilayah tangerang,0.0,HOAX
menteri uang sri mulyani milik 1200 bitcoin,99.9,HOAX
china cipta sayur kol sintetis,99.9,HOAX
pdip jabar minta dpc garut telusur paguyuban tunggal rahayu,0.0,BUKAN HOAX
daftar terima kpu solo paslon bajo sah lawan gibran,47.0,BUKAN HOAX
foto ribu demonstran kumpul istiqlal,100.0,HOAX
warga mb ketapang kotawaringin timur boleh shalat jumat tarawih masjid,98.9,HOAX
didik agama hapus,100.0,HOAX
kasatpol pp ntb minta maaf soal intimidasi jurnalis,0.0,BUKAN HOAX
kelahi debt collector vs warga wiyung surabaya,88.4,HOAX
foto jokowi tulis karya baik perintah hutang,100.0,HOAX
pln pasti pasok listrik lama nataru aman,97.6,BUKAN HOAX
nu dukung lgbt,98.0,BUKAN HOAX
orang warga tewas injak gajah liar sumsel,100.0,BUKAN HOAX
menara masjid alaqsha jayapura tolak begini respon menteri agama,0.5,BUKAN HOAX
cara siasat seks cuaca panas,0.0,BUKAN HOAX
lumpurpanas pinggir pintu tol glc,100.0,HOAX
foto kondisi tenggorok pasien positif covid19,96.3,HOAX
merdekacom buat tayang berita wanita bawa anjing masuk masjid polisi sebut laku alami ganggu jiwa jangan dibesarbesarkan,99.4,HOAX
pemprov jatim tunggu hasil kaji aju psbb,0.0,BUKAN HOAX
artis agnez mo tinggal akibat bunuh,100.0,HOAX
foto laku tusuk wiranto dukun pribadi jokowi,100.0,HOAX
video demo libanon massa lempar batu molotov polisi,100.0,BUKAN HOAX
logo sembako bantu presiden logo garuda ganti bintang,100.0,HOAX
yang siram bensin pintu kabah,99.4,HOAX
jokowi singgung banyak rakyat mati tv lantik,99.5,HOAX
tugas bersih sman 10 yogyakarta positif virus corona,66.2,HOAX
tim kampanye ahok bagibagi uang lalu atm,100.0,HOAX
tahu orangorang uyghur tular corona orangorang china rebut dapat alquran,100.0,HOAX
dpr soal insiden heli jatuh tambah biaya awat alutsista,0.2,BUKAN HOAX
tahu intensitas olahraga psbb nyanyi,0.0,BUKAN HOAX
pakai samar jadi lelaki gelar habib,98.3,HOAX
wali kota palu tinggal tsunami,99.3,HOAX
hoax pesawat ufo nepalcolorado us,87.8,HOAX
korban radiasi hp,99.6,HOAX
seorng anak usia 4thn skrng ada d polres purwakarta ngakunya jakarta,99.5,HOAX
barcelona rugi kali coutinho juara liga champions,0.0,BUKAN HOAX
satpol pp pasang spanduk kampanye ahok djarot,100.0,HOAX
jokowi tak mungkin vaksinasi serentak,40.7,BUKAN HOAX
nyata indonesia bodoh air mineral,100.0,HOAX
video kembang api olimpiade tampil saat olimpiade tokyo tunda karena covid19,0.2,HOAX
9 merek balut indonesia sebab kanker,100.0,HOAX
bagibagi toyota sienta gratis,99.9,HOAX
bri leceh sunnah islam,99.9,BUKAN HOAX
kemenkeu blokir rekening ruben ps marvey risi dana bantu bangun papua,0.6,BUKAN HOAX
visa bebas jadi sarana rakyat china datang indonesia cari kerja,100.0,HOAX
ilc tv one bredel aparat,99.7,HOAX
duga surat boongan,56.0,HOAX
a zambian student in china was beaten to death,100.0,HOAX
judul berita media asing hina jokowi,100.0,BUKAN HOAX
jadi serta jknkis mimin tak khawatir biaya cuci darah,32.2,BUKAN HOAX
gambar islam jangan liberal,100.0,HOAX
prof arysio santos nyata lokasi atlantis letak indonesia,100.0,HOAX
voucher makan gratis promo hut ke15 kfc,100.0,HOAX
seram bagi timur bpjs fokus layan sehat digital,12.2,BUKAN HOAX
video korban begal terminal bratang surabaya,100.0,HOAX
cacing kembang mata ucek pegang kucinganjing,0.2,HOAX
the invisible guest bakal buat ulang versi indonesia,0.1,BUKAN HOAX
foto bibir miring prabowo tanda stroke ringan,100.0,HOAX
australia ingat indonesia jendral gatot haus kuasa,87.0,HOAX
meet rebecca dia bunuh tugas medis wanita razzan meet rebecca she is the one who killed female medic officer razzan,100.0,HOAX
album perdana treasure siap luncur januari 2021,0.0,BUKAN HOAX
derita gila akibat pilpres tingkat tajam sumbar,99.8,HOAX
bbc news guna foto irak gambar bantai suriah,100.0,BUKAN HOAX
khabib vs mcgregor tunggu bulan ramadan,1.6,BUKAN HOAX
foto kader perempuan pks guna atribut 2019tambahistri,100.0,HOAX
jack ma habib rizieq galang dana rp 500 m lawan corona,98.5,HOAX
sandiaga uno ancol untuk orang kaya,100.0,HOAX
david beckham pakai kaos tulis free west papua kunjung wamena papua,99.9,HOAX
video sepeda masuk pantai indah kapuk pakai paspor,100.0,HOAX
markas indonesia ajar jadi basecamp anies pilkada dki,99.6,HOAX
dakta 107 fm klaim obat corona had pranoto,33.9,BUKAN HOAX
tuduh curi medali milik bambang pamungkas muhammad yusuf buka suara,43.9,HOAX
dahnil anzar larang paspampres masuk ruang muktamar kexvii pemuda muhammadiyah umy bantul,96.6,HOAX
poster acara parade budaya dukung ahok,99.9,HOAX
kpk buka peluang adil harun nurhadi in absentia,0.0,BUKAN HOAX
semua tanya soal registrasi sim card jawab,0.1,BUKAN HOAX
dampak virus covid19 hubung suami istri jadi ancam,100.0,HOAX
gaji skuat liverpool 30 kali lipat shrewsbury,0.0,BUKAN HOAX
menhan as tolak upaya trump kerah militer hadap demo,0.2,BUKAN HOAX
latih persib dukung putus liga 1 soal corona,0.0,BUKAN HOAX
jelas data fakta nyata djarot saiful hidayat banding kerja jokowi sby soal bangun sumut,0.7,BUKAN HOAX
orang telah ludah alquran kencing alquran,100.0,HOAX
bayi nabila tinggal kabut asap jambi,99.3,HOAX
kapolda sumut tebar 75 ribu bibit ikan tahan pangan,1.2,BUKAN HOAX
zodiak baru nasa ophiuchus 30 november 17 desember,0.0,HOAX
dagang aset,90.4,HOAX
ketua kpud depok tetap sangka korupsi anggar pilkada depok,0.4,HOAX
rumah pribadi jakarta utara jadi sembunyi tka ilegal,99.8,HOAX
foto kumpul maling suara,100.0,HOAX
cair wadah main anak rupa pisang kandung narkoba,0.4,BUKAN HOAX
bugillagi di pecat,93.3,HOAX
usus ibu makan bayi,98.7,HOAX
permen susu kandung pcc,99.8,HOAX
beneran ikan duyung,87.8,HOAX
brantas kebeutalan dini,1.6,BUKAN HOAX
3 pimpin kpk periksa soal duga langgar etik ott unj,0.0,BUKAN HOAX
450 ribu ktp kirim kamboja penting kampanye,1.6,HOAX
nyata afi inayah perihal kitab suci,100.0,HOAX
ruang awat covid riau penuh warga wajib rumah lama minggu,20.0,HOAX
as tawar hadiah rp142 m bantu tangkap pimpin isis,5.7,BUKAN HOAX
gambar karikatur media prancis,99.9,HOAX
kota myanmar jadi kota kutuk akibat buat,100.0,HOAX
data mabes tni dasar formulir c1,99.9,HOAX
bea cukai riau adakan lelang tutup harga murah,41.6,HOAX
video tugas kpps coblos kertas suara halmahera tengah edar,0.2,BUKAN HOAX
video dr cheng sembuh covid19 cukup vitamin c,100.0,HOAX
foto mesut ozil injak bendera tiongkok,100.0,HOAX
emil salim tinggal,100.0,HOAX
brookings institution cakap joko widodo presiden indonesia,0.5,BUKAN HOAX
mini countryman blackheath cuma 24 unit indonesia,99.9,BUKAN HOAX
pers rilis seketariat presiden sebut sri mulyani menteri antek aseng,17.6,HOAX
dagang pasar gir positif covid19,2.7,HOAX
kaesang pangarep komisaris usaha batu bara lg nyamar jadi jual pisang kopi,99.9,HOAX
pks kritik anggar buat influencer redam dampak corona,0.0,BUKAN HOAX
akun twitter palsu fahri hamzah,99.9,HOAX
5 cara atas susah tidur lama pandemi corona,0.0,BUKAN HOAX
pks tolak apa sandiwara,54.8,HOAX
klarifikasi gedung dpr jadi bakar,0.0,BUKAN HOAX
tuduh tipu yusuf mansur tempuh jalur hukum,59.2,BUKAN HOAX
fernandes jangan sama pogba messi ronaldo,0.0,BUKAN HOAX
foto wanita iran tonton piala dunia hijab jadi viral,99.7,BUKAN HOAX
awat royal td suami jg wafat barusan,48.3,HOAX
google pincut fitur layar lipat samsung galaxy z flip,15.4,BUKAN HOAX
dinkes sumut ancam buka identitas odp corona liar,0.0,BUKAN HOAX
presiden jokowi dalam dokumen asli pki sepenuh salah hanya kena fitnah zaman,99.9,HOAX
hasil tes reaktif sangka kasus impor tesktil tak tahan,0.0,BUKAN HOAX
foto makam gus dur guna tulis aku tunda,44.3,HOAX
artis dorce gamalama tinggal dunia,99.9,BUKAN HOAX
mistikus cinta tutup sesi pertama konser dewa 19 bandung,99.7,BUKAN HOAX
kartu merah final piala dunia 2006 buat zidane jauh rekan,0.9,BUKAN HOAX
dinkes aceh ban atas isu ajar lumpuh vaksin mr,98.3,BUKAN HOAX
bukan potong gaji mereka tim medis malah potong tunjang tim medis,99.9,HOAX
orang anggota banser stress tinggal tidak tahan sering ejek jaga gereja bubar aji,99.9,HOAX
guerreiro titis bale kian moncer sama dortmund,1.2,BUKAN HOAX
kas negara kosong,99.8,HOAX
pak jokowi jangan panik hadap mahasiswa,100.0,HOAX
rusia sampai minta ilmu strategi perang orang indonesia malah ragu saya,99.9,HOAX
dandim kendari kemarin pecat nyata pernah bantu evakuasi korban celaka,0.0,HOAX
video judul inalilahiwainairojiun tinggal dunia bpk wiranto selamat jln bpk wiranto,100.0,HOAX
hatihati ketemu anak kecil menang jalan modus baru jahat rampok perkosa culik,100.0,HOAX
naik biaya pbb besar 100 persen jagakarsa jakarta selatan,5.6,HOAX
meghan markle baca buku anak archie ogah anteng,88.4,BUKAN HOAX
impor anjlok defisit transaksi jalan susut jadi us39 m,99.8,BUKAN HOAX
burhanuddin muhtadi tuding dalang quick count palsu,99.7,HOAX
layan sim libur lama 2 minggu,50.9,HOAX
fluoride sangat bahaya sebab kanker,100.0,HOAX
paham politik gak sih pak,99.8,HOAX
bandara soekarno hatta jual hongkong,99.9,HOAX
lawan liverpool everton minta waspada amarah van dijk,0.0,BUKAN HOAX
koplak kompas tv demo tolak hip ga siar gilir demo pdip live,98.1,HOAX
arab saudi ada raya maulid nabi,99.8,HOAX
tepuk lengan tolong pertama serang jantung,99.7,HOAX
psbb transisi bioskop dki boleh operasi,0.0,BUKAN HOAX
usai wfh komisioner bawaslu 3 staf positif covid19,0.0,BUKAN HOAX
tni sebut tiga prajurit tembak kkb nduga stabil,1.1,BUKAN HOAX
jumlah wilayah rendam banjir pamekasan tewas bocah,0.1,BUKAN HOAX
video mati sembuh pasien corona lewat mei 2020,0.6,BUKAN HOAX
mesin sedot suara tiongkok mulai main,99.7,HOAX
guna foto patung buddha wajah gus dur sudah tutup,99.9,HOAX
smk boleh buka jurus komputer jaring,0.4,BUKAN HOAX
gambar bayangbayang luhut sampul majalah tempo,100.0,HOAX
polisi kantong identitas buron begal sepeda marinir,92.5,BUKAN HOAX
aa gym lebih baik pilih pimpin koruptor muslim pimpin bersih jujur kafir non muslim,99.8,HOAX
rudy hartono tinggal dunia,100.0,HOAX
heboh nyata dokter indonesia soal covid,0.3,HOAX
tan bantah lockdown usai 17 pegawai infeksi covid19,0.0,BUKAN HOAX
indonesia kirim wakil lgbtgay festival lgbt paris,82.2,HOAX
foto fadli zon alm suhardi,99.9,HOAX
video cakap bagibagi jatah menteri bumn rini soemarno sama dirut pln sofyan basri,99.9,HOAX
langgan fitur otonom mobil tesla buka 2021,0.0,BUKAN HOAX
mac demarco janji alam aneh lewat serial animasi,42.7,BUKAN HOAX
ribu warga china datang indonesia lewat bandara kota pekanbaru,100.0,HOAX
presiden ufc beri bonus mcgregor rp678 juta,10.8,BUKAN HOAX
motif baco hermansyah kasus chat rizieq shihab,65.4,BUKAN HOAX
kerja lrt tangkap karawang sangka tentara merah pkc,3.2,HOAX
gambar cari orang hilang sedang alami ganggu jiwa banyak mikirin utang,100.0,HOAX
george clooney tanggap benta tom cruise kru film,0.0,BUKAN HOAX
beberapa paud buka orang tua sebut cari titip,1.0,BUKAN HOAX
foto presiden jokowi sama lawak istana negara kait covid19,98.8,HOAX
teknik sebar hoax ancam,0.0,BUKAN HOAX
kodam diponegoro tak beri ampun prajurit tni lgbt,90.0,BUKAN HOAX
djp bantah call centernya minta data ktp identitas lain,0.1,BUKAN HOAX
menpora imam nahrawi mundur jabat,99.0,HOAX
fb lite di hack,99.8,HOAX
surat presiden jokowi minta dukung bumn menang pilpres 2019,100.0,HOAX
cegah lonjak pandemi hibur malam jabar larang buka,0.0,BUKAN HOAX
kader gerindra rasa fitnah poster aja deklarasi 2019gantipresiden bandar lampung janji imbal,0.5,BUKAN HOAX
dewas kpk kumpul bukti duga gaya hidup mewah firli,0.0,BUKAN HOAX
corona wabah gubernur ganjar libur driver grab grobogan akan aju pihak grab beri insetif 200rb per hari,1.4,HOAX
anies jelas alas sikm tak laku psbb jilid ii,0.0,BUKAN HOAX
man city enggan pikir empat final liga champions,0.0,BUKAN HOAX
siap konser gbk raisa aransemen ulang lagu,99.4,BUKAN HOAX
satelit merah putih milik telkom indonesia resmi luncur spacex,0.4,BUKAN HOAX
foto kubur masal ulama santri 1948 pki muso,100.0,HOAX
ada temu 3 ton sabu kapal mv win long bh 2998,1.6,HOAX
polisi periksa 10 orang kait ledak bengkel las sumut,0.0,BUKAN HOAX
hamza dalj asal aljazair hacker bantu palestina hukum mati,94.4,HOAX
klarifikasi dinkes kait informasi ramu minyak tanah bisa obat sakit asam urat kolesterol tekan darah tinggi,0.0,BUKAN HOAX
operasi simpatik 2020 polri,0.5,HOAX
tribun news tulis densus 88 aman barang bukti al quran geledah rumah driver ojol duga teroris medan,66.0,BUKAN HOAX
uang pangkal masuk undip capai 87 miliar rupiah,100.0,HOAX
megawati jokowi idam seluruh alam bahkan alien mau pimpin beliau,100.0,HOAX
racun vaksin apa yg kalian tebar,100.0,HOAX
jadwal bioskop trans tv 29 juni5 juli 2020,0.3,BUKAN HOAX
orang narapidana makan alkitab eksekusi mati,100.0,HOAX
ahy waspada pihak ingin bentur pancasila islam,97.1,BUKAN HOAX
kunjung jokowi nz sambut aksi papua merdeka,0.5,BUKAN HOAX
klarifikasi sosdrjohnsimpsonforindonesia,0.0,BUKAN HOAX
pawai sambut pak prabowo bandung,99.9,HOAX
dahnil ajak dukung prabowo mudik lebaran guna kuda,99.9,HOAX
nyata ketua mui kait larang takbir keliling,0.0,BUKAN HOAX
azan lemah virus corona,95.4,HOAX
moeldoko sebut uu omnibus law bakal nikmat calon kerja,0.0,BUKAN HOAX
dpr tagih draf ruu omnibus law masuk prolegnas 2020,0.0,BUKAN HOAX
mahasiswi unj tinggal habis oksigen kena gas air mata,99.9,HOAX
tni kawal uztaz bachtiar nasir ketua fpi,99.6,HOAX
amnesty sebut paramedis dunia alami diskriminasi pandemi,0.0,BUKAN HOAX
bajing tengik pki mulai terangterangan,99.7,HOAX
cegah sebar corona salat jumat korsel tiada,0.0,BUKAN HOAX
juara spanyol masters greysiaapriyani aku sempat keteter,0.0,BUKAN HOAX
kpk aku izin dewas laku geledah kasus suap kpu,0.0,BUKAN HOAX
bangun bakar polda metro jaya bukan gudang peluru,87.5,BUKAN HOAX
kemkominfo buat help desk registrasi kartu prabayar,99.8,HOAX
nyata prabowo ngaji,100.0,HOAX
instruksi gubernur jateng tilang yg masker muka umum rp150000 guna etilang via apps pikobar,100.0,HOAX
tum mui jangan guna nama muslim sebar hoax,54.6,BUKAN HOAX
aparat polisi sektor mimika baru aniaya warga,63.2,HOAX
6 film plot twist baik ending tak duga,0.0,BUKAN HOAX
hasil f1 gp styria hamilton juara duo ferrari tabrak,0.1,BUKAN HOAX
pesawat citilink qg 801 rute semarangsurabaya hilang,0.5,BUKAN HOAX
metro tv baru keluar berita hacker mulai masuk facebook bbm wa,99.8,HOAX
minum banyak air kumur air hangat garam cuka hilang virus corona di tenggorok,100.0,HOAX
foto gubernur anies narasi aku turun jogja ambisius jadi raja,100.0,HOAX
video plandemic,100.0,HOAX
foto cuit jumlah korban tinggal pedjoeangislam,99.7,HOAX
umum kpu tanggal 22 mei sah,100.0,HOAX
tolak ustadz abdul somad hong kong rupa pesan lbp,100.0,HOAX
jelas camat tanjung priok soal iur eru got,0.0,HOAX
gaji simeone jauh lebih besar guardiola klopp,0.9,BUKAN HOAX
manajer kampanye tahan facebook twitter tak ira dampak luas manipulasi konten,0.0,BUKAN HOAX
zionis israel tebar virus aids balut wanita,100.0,HOAX
nilai tukar rupiah dolar pernah rp 20 ribu ulah kredit alutsista,99.6,HOAX
bongkar mesjid china picu buntu ningxia,0.4,BUKAN HOAX
guru tk malaysia rekam aniaya murid tangkap,99.5,BUKAN HOAX
melintir konteks pose foto keris,100.0,HOAX
bupati luwu utara baring rs jatuh motor waktu antar bansos covid19,2.5,HOAX
prabowo bantah tawar rp 15 triliun jadi cawapres jokowi,0.3,BUKAN HOAX
kira tandatanda,99.8,HOAX
bakar alquran jari tangan pria hitam busuk keluar bau jijik,19.0,HOAX
pesan beranta ganjar pranowo boleh warga jawa tengah salat idul fitri,100.0,HOAX
sri mulyani indrawati sedih rp400triliun anggar kemendikbud habis hasil capai,99.2,HOAX
anies baswedan tolak ceramah tarawih masjid istiqlal,99.7,HOAX
china aku dokter palestina temu vaksin corona bukti ampuh 100 persen,0.0,HOAX
bantah hoaks kominfo sebut registrasi sim murni aman,0.0,BUKAN HOAX
jadwal bioskop trans tv 1420 september 2020,0.2,BUKAN HOAX
ego costa vonis 6 bulan penjara kasus pajak,0.0,BUKAN HOAX
adeku tilang toko samarinda central plaza bayar 250k gara2 masker dagu,100.0,HOAX
pemprov riau bantah rumah ribu pegawai honorer,0.0,BUKAN HOAX
iran siap kirim tentara bantu indonesia kalau demo 212 buat makar,99.4,HOAX
beberapa tempat inap gratis serta reuni alumni 212,99.9,HOAX
madu campur bawang putih obat kanker,100.0,HOAX
klarifikasi kait kabar tugas kpps way kanan lampung tewas tikam lerai ribut timses caleg,0.0,BUKAN HOAX
pegawai pln tinggal sengat listrik telepon genggam milik sedang isi baterai,100.0,HOAX
salah bahaya sebar ucap selamat gambar video,100.0,HOAX
video rahasia istana bongkar jokow1 tunduk,99.3,HOAX
telkomsel sebut denny siregar monyet,24.8,HOAX
dangerous snack made in israel,100.0,HOAX
pln laku rekrutmen korespondensi mungut biaya,100.0,HOAX
kedzoliman rezim kuak,99.9,HOAX
tak punya solusi soal honorer maruf amin guru maklum gaji kecil imbal surga,0.1,HOAX
peta jalur lalu lintas psbb kota tasikmalaya,99.8,HOAX
foto bayi platipus,100.0,HOAX
tol jakarta cikampek ambruk,99.8,HOAX
klarifikasi ainun baharuddin kait meme tulis tusuk ka kalau amuk enak,0.2,BUKAN HOAX
warga cina tanam benih cabai kandung bakteri bahaya bogor,6.8,BUKAN HOAX
jepang khawatir infeksi corona lebih besar yang ungkap,0.0,BUKAN HOAX
bra isi cair sebab kanker payudara,99.0,HOAX
40 ribu tenaga kerja asal china morowali sedang awas,99.9,HOAX
sangka ujar benci dosen usu himma dewiyana bebas,0.0,HOAX
air rebus bawang putih sembuh virus corona,99.3,HOAX
uas ajak umat kalau belanja warung tanya dulu apa agama,100.0,HOAX
jokowi sengaja beda mudik pulang kampung kelabu virus corona,97.7,HOAX
mahfud md tidak jemput guru biar saja yang jemput hrs,98.5,HOAX
ulama windusari jemput paksa kait covid19,4.6,HOAX
bukan hoax fpi ikut buka sama masjidilaqsa,0.3,BUKAN HOAX
registrasi ulang nomor ponsel guna atas nama china,100.0,HOAX
olahraga indonesia sibuk 2021 usai olimpiade 2020 tunda,0.0,BUKAN HOAX
menang qc benyamin siap jalan program lawan tangsel,96.4,BUKAN HOAX
anggar renovasi kolam dprd dki jakarta usul orang percaya ahok ketua dprd dki jakarta fraksi pdip,1.1,BUKAN HOAX
selebaran giat budaya gawai dayak juli 2020,99.7,HOAX
5 cara posisi seks misionaris tak asa bosan,0.0,BUKAN HOAX
this baby ate the mothers bowel,51.3,HOAX
kpk terima lapor rugi negara belum tahan rj lino,0.1,BUKAN HOAX
lurus isi video kapolri tito bakal sambang markas habib rizieq,72.2,HOAX
video china balas as ikut campur konflik hong kong,65.1,BUKAN HOAX
serang masjid quwwatul pdip,2.0,BUKAN HOAX
covid19 sampai purwakarta,100.0,HOAX
sebab paspampres cegah anies baswedan damping jokowi serah piala presiden 2018,96.2,HOAX
merk pakai gap rupa singkat gay and proud,99.6,HOAX
tinju manny pacman bagibagi hadiah pandemi,67.3,HOAX
who sebut vegetarian kena covid19,96.2,HOAX
video resmi masjid besar rusia,99.9,HOAX
naik tarif tol karena jokowi,100.0,HOAX
tambah nyari duit amplop hasil ceramah berita kena ustadz abdul somad,72.3,HOAX
rashford cedera liverpool atas angin jelang lawan mu,0.0,BUKAN HOAX
orang anak sd lumajang lolos coba culi,100.0,HOAX
foto ridwan kamil sukmawati soekarnoputri saat resmi renovasi penjara bung karno banceuy,0.4,BUKAN HOAX
guru tk malaysia rekam aniaya murid tangkap,99.5,BUKAN HOAX
foto bakti jemaat gereja aceh singkil tengah gedung gereja yg roboh,100.0,HOAX
kartu askes laku per 1 oktober 2017,100.0,HOAX
pulau di kabupaten rau jual,99.8,HOAX
aja laku keras kalau larang takbir keliling,32.7,HOAX
juta bidang lahan sertifikat aceh,0.5,BUKAN HOAX
yasonna sebut john kei langgar bebas syarat sangka,0.0,BUKAN HOAX
tulis sujud menang pak prabowo buat anies baswedan,100.0,HOAX
jelas menteri agama kait kabar mina banjir tidak kondusif,0.0,HOAX
foto spanduk optimis pak jokowi tak bohong ingkar janji,99.8,HOAX
viral dunia bocah afrika hukum paksa nyanyi lagu bangsa china,99.4,HOAX
garagara psbb manusia telur,0.6,HOAX
surat wakalah infra struktur dana haji,99.4,HOAX
pilkada 2020 sumenep siap gelar,0.0,HOAX
megawati ubah pancasila,97.1,HOAX
akun twitter lawanpolitikjkw milik ferdinand hutahean,66.6,HOAX
cegah corona polres bangkal bubar resepsi nikah,0.0,BUKAN HOAX
ahok ucap kalimat syahadat ketua fpi tetes air mata,100.0,HOAX
bunuh beranta pancing korban guna bayi menang,99.6,HOAX
pakai nyaman lama karantina rumah sesuai zodiak,0.6,BUKAN HOAX
pandemi corona anies baswedan universitas jakarta libur universitas pancasila,0.1,HOAX
kemenhan aku tahu soal mark up proyek 1000 persen,0.0,BUKAN HOAX
takut corona pimpin iran absen pidato tahun baru sia,0.0,BUKAN HOAX
gangnam style psy tonton 36 miliar orang youtube,74.2,BUKAN HOAX
video bukti gmbi aniaya anggota fpi,100.0,HOAX
foto gus nuril berita kompastv judul ummat islam curang guna sihir serta aksi 212 ciamis lihat banyak,100.0,HOAX
mudah sebar berita palsu facebook,0.2,BUKAN HOAX
kalimantan barat panas,99.3,HOAX
dinas hubung beri jelas kait flyer tiket kapal gratis jembatan suramadu tutup,0.5,BUKAN HOAX
opera ular putih teater koma tayang streaming akhir pekan,69.7,BUKAN HOAX
iwan fals tanya ganti edhy prabowo,2.8,BUKAN HOAX
jokowi pernah bilang kangen demo janji sedia makan,84.2,HOAX
kemendikbud imbau sekolah bentuk tim cegah keras,1.7,BUKAN HOAX
saksi warga gempa pandeglang asa goyang banget,95.6,BUKAN HOAX
video saksi konser amal corona sama mike klepon,54.1,HOAX
viral video nusa penida penuh sampah plastik teliti bidang oseanografi beri klarifikasi,0.5,BUKAN HOAX
apa lucu buat rezim tetap pokus 2019gantipresiden,97.8,HOAX
kakek banten lapar hingga makan kapuk,1.2,HOAX
video 5 pasien suspect infeksi virus corona 1 tinggal dunia rsu dr kariadi semarangindonesia,100.0,HOAX
arab saudi mulai tadi malam buka lockdown,100.0,HOAX
pinjol akses ektp dpr sebut ada tuju warga,0.0,BUKAN HOAX
tabrak setan,100.0,HOAX
barcelona ancam hilang ansu fati hingga 5 bulan,0.0,BUKAN HOAX
ribu warga baduy gerak tuju ibukota,99.9,HOAX
ketika hadap demo 2122 jakarta,99.7,HOAX
diamdiam david beckham wamenapapua,99.7,HOAX
lapas tuminting kondusif 41 napi narkoba aman polda,22.9,BUKAN HOAX
harga 42 merek rokok naik hingga rp 50 ribu,74.6,HOAX
gambar jokowi ingat ciri orang munafik 3,100.0,HOAX
dimalaysia sdah coblos pak prabowo menang telak kotak surat suara bakar jalan mau bawa,99.9,HOAX
sabam sirait tinggal dunia 17 april 2020,100.0,HOAX
jelas kait nyata prabowo soal impor air debat capres,0.0,BUKAN HOAX
bahaya sinar kosmik lewat bumi malam hari,99.6,HOAX
polisi larang produksi jual kaos 2019gantipresiden,18.0,HOAX
ratus ton narkoba masuk indonesia biaya teroris,99.8,HOAX
polisi sebar poster dpo novel bamukmin,1.9,HOAX
jumlah mati corona inggris raya lewat angka 1000,0.2,BUKAN HOAX
ibas sorot kondisi ri zaman sby ekonomi roket,1.8,BUKAN HOAX
contoh baik gakbener dki,0.0,HOAX
anak yatim piatu tidur dalam atm pom bensin galur cempaka putih,99.7,BUKAN HOAX
geger binatang kebun binatang indonesia kurus,99.7,HOAX
jokowi pilih anak buah luhut jadi ketua komisioner lps,41.2,BUKAN HOAX
batal laga sahabat argentina kontra israel messi tolak tanding,0.0,HOAX
orang suporter tinggal laga tirapersikabo vs persija,99.7,HOAX
teman ahok siap bunuh diri pak ahox kalah pilkada 2017,99.4,HOAX
polwan kirim tiap malam datang soeta,99.6,HOAX
tanda tangan anies baswedan surat larang guna kawasan monas aktivis 98,98.3,HOAX
nestapa lombok blm akhir laut mulai retak2,46.0,HOAX
klarifikasi pt wijaya karya kait kabar ambruk proyek tol manadobitung,0.0,BUKAN HOAX
gibran kata bapak jadi pimpin tidak perlu pintar makanya akan mencanlonkan diri jadi walikota,100.0,HOAX
ada naruh bom sama tukang gojek islam sudut di tuduh teroris,99.9,HOAX
orang pasien awas covid19 amuk pintu rumah sakit pamekasan madura,100.0,HOAX
foto jari bentuk simbol l kader psi sama rawan jokowi sebut mulai stres,100.0,HOAX
anies piknik sama 5200 anak yatim dhuafa cuma liput 1 media,99.7,HOAX
pandu sosial media sehat,0.1,BUKAN HOAX
ada tas sembako jokowi rp 3 miliar ada sejak presiden dahulu,0.5,BUKAN HOAX
batik air rute soekarno hattadenpasar beku,100.0,BUKAN HOAX
satpol pp pakai sepeda brompton harga ratus juta hasil foyafoya uang rakyat,97.9,HOAX
aparat polisi sektor mimika baru aniaya warga,63.2,HOAX
deret klub pernah malu mu 6 gol,0.0,BUKAN HOAX
foto bantai bakar umat muslim myanmar tidak mau pindah agama,100.0,HOAX
1950s photobomb,86.6,HOAX
luhut perintah tnipolri tangkap pemda tutup bandara,98.7,HOAX
situs gurubpcom ini kerja menteri ojol koplak,96.1,HOAX
tuduh foto interior lab darurat covid19 labkesda dki hasil comot,100.0,HOAX
operasional kereta bandara,97.8,BUKAN HOAX
ajaib jadi hari amerika kanada lihat matahari,99.9,HOAX
thahir bina brimob,100.0,HOAX
foto wanita iran tonton piala dunia hijab jadi viral,99.7,BUKAN HOAX
duo sipit yg satu jadi dewan nasehat densusyg satu hendak mau jadi dewan nasehat mabes polri,100.0,HOAX
orang ibuibu tinggal akibat perosok setu babakan jagakarsa jakarta selatan,99.7,HOAX
polisi ntb bantah ada kabar ampo kopang pasca gempa lombok,0.2,BUKAN HOAX
audiensi masyrakat anti hoax kapolri,0.1,BUKAN HOAX
10 raja islam pertama indonesia jejak tinggal,86.2,BUKAN HOAX
taat loyalitas tni kepada presiden,100.0,HOAX
dukung fanatik jokowi tinggal jalan 15 kilometer,100.0,HOAX
jelas bmkg soal isu cuaca panas extreme landa indonesia,0.0,HOAX
aprilia umum 2 kandidat ganti iannone motogp 2021,0.0,BUKAN HOAX
pbsi gencar cegah sebar virus corona cipayung,20.3,BUKAN HOAX
komedian kelik lipur lara tinggal dunia,99.7,HOAX
mohamed salah traktir bensin suporter liverpool,0.5,BUKAN HOAX
indikasi cerdas memang dukung hastag 2019gantipresident,99.6,HOAX
dpr tuju minta anggar bi rp12 t 2021,0.0,BUKAN HOAX
kendara pribadi untuk butuh pokok lama psbb dki,0.6,BUKAN HOAX
update corona jatim 1 mei tembus 1031 kasus 165 sembuh,0.0,BUKAN HOAX
whatsapp kumpul dana kali gambar bagi,100.0,HOAX
aum raksasa dajjal bawah dasar laut samudra pasifik,99.8,HOAX
ngeri jembatan suramadu terjang ombak besar,99.8,HOAX
luthfi abdul had minta maaf kiai said aqil siroj,99.9,HOAX
melbourne nihil covid australia buka batas nswvictoria,0.0,BUKAN HOAX
ide gila nadiem makarim mangkas jumlah tahun didik sd smp sma,97.1,HOAX
pt waskita karya bantah adakan interview rekruitmen karyawan,1.0,HOAX
universitas muhammadiyah kupang bantah menginisasi gera gantipresiden2019,0.3,BUKAN HOAX
sudah siap senjata tuk bantai pribumi,98.6,HOAX
fahri hamzah anak mh lukman ketua cc pki,99.8,HOAX
bangkit listrik ganggu sri lanka gelap gulita,78.4,BUKAN HOAX
soal palestina jokowi duga ambigu tipu rakyat umat muslim,53.2,BUKAN HOAX
saksi prabowosandi ppk amalatu mati tebas leher putus,99.6,HOAX
perlu tahu ini jumlah video batai umat muslim rohingya,99.8,HOAX
pucuk surat teman arab saudi,100.0,BUKAN HOAX
tentara merah rrc pluit jkt,96.9,HOAX
dokter italia sengaja bunuh pasien virus corona,100.0,HOAX
pamlfet khofifah kena kks proyek pesta tikus,99.6,HOAX
buat video sudut bank bri pegawai bawaslu dki minta maaf,99.4,BUKAN HOAX
semua operator seluler sedia rbt jokowi,0.4,BUKAN HOAX
waspada dokter palsu pki tular hivaids lewat jarum suntik,98.6,HOAX
maruf sayang tolak jenazah pasien positif corona,0.0,BUKAN HOAX
kunci admin di bank nik nama ibu kandung,99.9,HOAX
tuduh nista agama walikota risma lapor polisi,0.0,BUKAN HOAX
klarifikasi kait isu langka gas lpg 3 kg bangka belitung,0.0,BUKAN HOAX
12 posisi seks paling banyak bakar kalori,0.0,BUKAN HOAX
teknik baru bppt tangkal hujan jabodetabek,97.6,BUKAN HOAX
heboh gas murah aljazair menteri esdm ikan klarifikasi,0.0,BUKAN HOAX
bukan love saudara salib,2.3,HOAX
kemenag bakal cepat bangun gereja baru papua,28.6,BUKAN HOAX
perintah tak umum kasus positif covid19,0.0,HOAX
morgan stanley nilai omnibus law dukung reformasi struktural,0.0,BUKAN HOAX
gadis 7 tahun angkat beban 80 kg jadi kuat dunia,97.4,BUKAN HOAX
google translate jokowi thu khang thi phu,85.6,HOAX
mesut ozil sindir indonesia wapresnya perihal uighur,30.3,HOAX
klarifikasi atas edar surat nyata bank mandiri rekening sofyan basir besar rp 104 triliun,99.8,BUKAN HOAX
4 bulan lalu hina presiden lebanon nyata turki kirim bantu pertama kali,99.9,HOAX
pki gelar lomba baca puisi universitas kalong,99.9,HOAX
ayah tepis bantu ferdian paleka kabur kasih waktu renung,97.7,BUKAN HOAX
kemenristekdikti lurus wacana dosen impor,0.4,BUKAN HOAX
vivo rilis ponsel flagship perangkat iot ri tahun,1.6,BUKAN HOAX
bunuh massal kedok corona,0.0,HOAX
ahok minta warga luar batang wakaf tanah plaza,94.8,BUKAN HOAX
photo of friday prayers in gaza today,100.0,HOAX
pssi pt lib siap lanjut liga 1 2020,0.0,BUKAN HOAX
mu kembali uang tiket liga europa suporter,0.0,BUKAN HOAX
jelang asi games jakarta makin cakep bravo aniessandi,2.0,HOAX
ada klaim anies kena rancang lapang banteng 0,0.4,BUKAN HOAX
pasien positif corona kurang 17 orang rsd wisma atlet,2.0,BUKAN HOAX
foto belgia pakai helikopter bawa pasien corona jerman,11.0,BUKAN HOAX
terb0ngkar c1n pk beli semua tanah strategi indonesia,99.6,HOAX
stray kids ajak stay pesta back door,99.5,BUKAN HOAX
undang acara dukung hmikahmi jokowi,100.0,HOAX
gambar uji vaksin covid19 sukses,98.6,HOAX
munarman sebut ada surat tahan rizieq,0.0,BUKAN HOAX
gubernur kalbar pakai sepatu dalam masjid,99.6,HOAX
jelas data fakta nyata djarot saiful hidayat banding kerja jokowi sby soal bangun sumut,0.7,BUKAN HOAX
klarifikasi polisi kait rumor korban bunuh pendeta henderson tengah hamil,0.0,BUKAN HOAX
binatang langka sangat bahaya dapat bunuh 4 jam,100.0,HOAX
surat panggil wawancara kerja pt angkasa pura ii juni 2020,99.9,HOAX
years of living dangerously last stand,0.5,BUKAN HOAX
judul berita minum air bekas cuci kaki jokowi lebih 10 warga langsung lari rumah sakit karna sluruh tubuh alami gatalgatal,100.0,HOAX
foto wagub dki sedang ada buah gereja tanya agama djarot,97.7,HOAX
pandang payudara 10 menit tiap hari panjang umur pria 5 tahun,97.3,HOAX
rieke memang pki yang salah,99.9,BUKAN HOAX
puisi tahun 1919 soal pandemi karya kathleen omara,0.0,HOAX
sari roti ubah nama jadi garmelia,99.8,HOAX
anies minta tempat ibadah zona merah corona tutup,0.0,BUKAN HOAX
anut islam kristen yahudi buddha hadir selandia baru alun asmaul husna kalimat tauhid hadap wabah corona,30.8,HOAX
aksi diam tolak omnibus law gelar lampung besok,0.1,BUKAN HOAX
fpi sebar spanduk habib rizieq dukung khilafah,0.5,BUKAN HOAX
austria lahar panas keluar perut bumi,99.7,HOAX
laku bunuh pulo mas ridwan sitorus alias ius pane tangkap medan,97.0,HOAX
klarifikasi divisi humas polri kait informasi anak china ancam tembak jokowi bebas,0.1,BUKAN HOAX
lahan 53 hektare sumsel bakar 3 hari api bara,63.3,BUKAN HOAX
konsumen tuntut produk quaker oats kandung pestisida,0.4,BUKAN HOAX
5 diet sehat turun berat badan,0.0,BUKAN HOAX
ahok datang gedung dprmpr tibatiba bau taik,100.0,HOAX
cekal corona pm malaysia tetap lockdown 1831 maret 2020,0.5,BUKAN HOAX
elisa granato kelinci coba vaksin kopit inggris tinggal 2 hari vaksin,80.8,HOAX
pesan singkat perihal biaya asuransi kirim barang jne nila juta rupiah,100.0,HOAX
ciduk duga oknum bais tni provokasi massa aksi 22 mei sudut polri,99.5,HOAX
foto jokov widodov,100.0,HOAX
71 pasien covid19 klaster hajat boyolali jemput tugas biaya beban milik hajat,94.2,HOAX
orang india dada hancur hp samsul mbleduk,100.0,BUKAN HOAX
foto dampak 16 hari lockdown italia,100.0,HOAX
imbas virus corona motogp argentina 2020 tunda,0.0,BUKAN HOAX
daun paku madiun,99.8,HOAX
arema sulit larang main ikut tarkam,0.2,BUKAN HOAX
infografis sepak terjang joe bidenkamala harris,0.7,BUKAN HOAX
modus cabul bius amen angkut kota purwakarta,99.9,HOAX
kenal pancasila fungsi nilai arti lambang,0.7,BUKAN HOAX
polisi klarifikasi tidak bom pasuruan,0.0,BUKAN HOAX
tol soreang pasirkoja gratis,100.0,HOAX
foals umum tunda konser jakarta virus corona,94.1,BUKAN HOAX
dejure megawati prabowo presiden wapres 2019 2024,100.0,HOAX
surat perintah data tenaga medis non medis rumah sakit tahun 2018,100.0,HOAX
main liga inggris dapat buka video porno isolasi,0.0,BUKAN HOAX
korsel ketat jaga jarak usai kasus hari covid tembus 500,0.0,BUKAN HOAX
tokoh isis syaikh al arif datang masjid istiqlal,99.7,HOAX
duga bangun pakai material kw 3 china,99.6,HOAX
tangkap layar artikel web kpu retas temu kejut jokowi angkat isu pki,100.0,HOAX
detikcom berita ketua umum psi nyata siap jadi menteri kabinet kerja jokowi,100.0,HOAX
tentara india bunuh kakek bocah lakilaki ambil batu bunuh bunuh kakek,100.0,HOAX
didik agama islam bahasa arab tiada sekolah madrasah ra mi mts ma,99.8,HOAX
baju pki aksi,100.0,HOAX
ajar foto viral bawa bendera demo depan gedung dpr tinggal dunia,100.0,HOAX
tak kenal laku novel bantah serang picu dendam,0.0,BUKAN HOAX
aplsi bantah harga listrik indonesia mahal dunia,0.0,BUKAN HOAX
pln benarbenar tak punya malu etika,1.3,HOAX
klarifikasi badan pegawai negara kait sebar surat angkat cpns palembang,0.0,BUKAN HOAX
rk terbit pergub psbb proporsional jadi pandu new normal,0.0,BUKAN HOAX
kapolri larang tutup alexis,100.0,HOAX
tni polri isu komunisme pki,98.6,BUKAN HOAX
dukung kh said aqil siradj prabowosandiaga,99.9,HOAX
usul kh wahid hasyim sebut agama negara indonesia islam,76.1,HOAX
kait corona tiga provinsi masuk zona rawan pilkada,0.0,BUKAN HOAX
spanduk adekadek korupsi larang gedung kpk,37.0,HOAX
tular difteri bumbu cabai kering kena air seni tikus,92.9,HOAX
presiden jokowi beli kendara dinas mercedes pullman guard c600 harga rp 12 m,99.5,HOAX
gajah mada agama islam,99.8,HOAX
bmkg mataram menghimbau warga langsung percaya bencana hebat akan jadi 26 agustus 2018 datang,89.5,BUKAN HOAX
foto satusatunya orang izin duduk kabah ini tukang bersihbersih,100.0,HOAX
mau pakai infrastruktur calon ibu kota,99.5,HOAX
lion air milik utang boeing airbus besar rp614 triliun,100.0,HOAX
klarifikasi bnpb kait isu usir rawan bpbd,0.0,BUKAN HOAX
aman laut jadi bahas prabowo menhan as,32.8,BUKAN HOAX
jelas jelas manusia pro pki,1.6,HOAX
juga makan janin bayi,99.9,HOAX
gedung putih banjir massa pro ahok tuntut fpi bubar,99.8,HOAX
vaksin pertama kali buat bawah khalifah ottoman tahun 1717,100.0,HOAX
bpbd bogor ingat potensi bencana gera tanah 22 camat,53.0,HOAX
daftar lengkap nominasi bafta tv awards 2020,0.0,BUKAN HOAX
bakal hapus menteri agama ganti nama,79.3,HOAX
terima kasih buat lagu bangsa baru,99.8,HOAX
pos indonesia jamin uang jika kirim paket lambat,63.2,BUKAN HOAX
kpk bantah berita palsu duga sudut novel baswedan,0.0,HOAX
musuh depan mata lawan pki culi segera di laksana,100.0,BUKAN HOAX
7 olahraga bakar banyak kalori,0.0,BUKAN HOAX
tni indonesia langgar batas timor leste,0.4,BUKAN HOAX
anies tanggul latuharhari mulai rembes air,94.1,BUKAN HOAX
beneran ikan duyung,87.8,HOAX
kepala bnpt minta wni luar negeri waspada beri donasi,3.5,BUKAN HOAX
netflix sebut uji coba paket langgan murah india,1.7,BUKAN HOAX
pulau batam anggap wilayah luar negeri,100.0,HOAX
masalah kapolri desak cabut tr hina jabat,0.4,BUKAN HOAX
kadin kaji dampak naik cukai teh botol dkk,47.7,BUKAN HOAX
16 juli 2020 jakarta putih triliun manusia membludak penuh dinding gedung dpr tiang monas,99.4,HOAX
larang sholat lima waktu istana,99.7,HOAX
tips mulai seks para perempuan,0.0,BUKAN HOAX
serang ulama pondok pesantren miftahul jannah karawang,42.8,HOAX
menang tko gaethje dua bonus sekaligus rp14 miliar,0.2,BUKAN HOAX
lensa kontak leleh barbeque,90.3,HOAX
ditjen bea cukai angkat bicara kait muncul informasi tawar hadiah pulsa masyarakat beri info jasa titip barang merek,99.7,HOAX
diy jadi daerah contoh new normal,17.4,HOAX
indochina foto kontainer southern hauliers,0.2,BUKAN HOAX
polisi tembak mati laku ampo minimarket depok,99.3,BUKAN HOAX
video pohon terbang ajaib kuasa allah di arab saudi,100.0,HOAX
foto cuit presiden tukar,100.0,HOAX
johnny g plate menteri kominfo beri gebrak gratis telepon,100.0,HOAX
surat halmahera tambang emas malu utara beri pihak asing,99.7,HOAX
hilang jasad tani sumut temu keliling buaya,0.3,BUKAN HOAX
otto hasibuan kuasa hukum prabowo sandi,99.7,HOAX
ratus warga china tetap indonesia tuju singapura virus corona,96.2,HOAX
klarifikasi menteri bumn atas isu bri akuisisi jiwasraya,0.2,BUKAN HOAX
bill gates luncur kapsul implan manusia lawan virus corona,79.7,HOAX
dampak psbb pegawai pelni begal jakarta utara,59.5,HOAX
daftar menu pesta kuliner gratis surabaya semarang,99.9,HOAX
sebut topan badai doa maruf amin,0.4,BUKAN HOAX
sakit makula,98.0,HOAX
aksi bela yesus,100.0,HOAX
foto nyata tik tok si empunya pki,100.0,HOAX
cekik lawan guendouzi lolos hukum fa,2.7,BUKAN HOAX
pulau natuna caplok china perintah diam,100.0,HOAX
salam jari kapal oleng kapten,96.8,HOAX
hasil liga inggris mu menang telak 52 atas bournemouth,0.0,BUKAN HOAX
milik akun warung indomie abang adek lontar komentar ras syukur bom kampung melayu,100.0,HOAX
video mayat timbul tanah kubur,100.0,HOAX
pandemi covid19 bikin orang lebih sering masturbasi,90.4,BUKAN HOAX
